<?xml version='1.0' encoding='UTF-8'?>
<system creation-date="2025-04-24 17:58:56.450000" desc="" enable="False" id="802B78B8-CAE0-4BBC-938D-E68FAA9D5F74" last-modified-date="" name="Controlador3"><applications><application name="RobotWare" version="6.15.6022"><settings><system-xml path="C:\Users\yisus\Documents\RA\RoboticaAutomatizacion\Robotica\Practicas\PracticaRobotStudio\sesion3b\controlador\Controlador3\system.xml" /><key-id path="C:\Users\yisus\Documents\RA\RoboticaAutomatizacion\Robotica\Practicas\PracticaRobotStudio\sesion3b\controlador\Controlador3\INTERNAL\key.id" /><setting-file path="C:\Users\yisus\Documents\RA\RoboticaAutomatizacion\Robotica\Practicas\PracticaRobotStudio\sesion3b\controlador\Controlador3\INTERNAL\controller.rsf" /></settings></application></applications></system>